raw_name,bge_alias
FHA,FHA
FRASER HEALTH AUTHORITY,FHA
Fraser Health,FHA
Fraser Health Authority,FHA
FNHA,FNHA
FIRST NATIONS HEALTH AUTHORITY,FNHA
First Nations Health Authority,FNHA
IHA,IHA
Interior Health Authority,IHA
Interior Health,IHA
NHA,NHA
Northern Health Authority,NHA
PHSA,PHSA
PROVINCIAL HEALTH SERVICES AUTHORITY,PHSA
Provincial Health Services Authority,PHSA
CHILDRENS & WOMENS HEALTH CENTRE OF BC SOCIETY,PHSA
VCHA,VCHA (+PHC)
Vancouver Coastal Health Authority,VCHA (+PHC)
PROVIDENCE HEALTH CARE,VCHA (+PHC)
Providence Health Care,VCHA (+PHC)
VIHA,VIHA
VANCOUVER ISLAND HEALTH AUTHORITY,VIHA
Vancouver Island Health Authority,VIHA
BC Hydro,BC Hydro
BC HYDRO,BC Hydro
BCH,BC Hydro
BRITISH COLUMBIA HYDRO & POWER AUTHORITY,BC Hydro
British Columbia Lottery Corporation,BCLC
BCLC,BCLC
BC LOTTERY,BCLC
BC Lottery,BCLC
WorkSafe BC,WSBC
Worksafe BC,WSBC
WSBC,WSBC
WORKERS COMPENSATION BOARD OF BRITISH COLUMBIA,WSBC
ICBC,ICBC
INSURANCE CORPORATION OF BRITISH COLUMB.,ICBC
INSURANCE CORPORATION OF BRITISH COLUMBIA - ICBC,ICBC
SCHLDIST,School Districts
SD,School Districts
TSMA LITE SCHOOL DISTRICTS,School Districts
SCHOOL DISTRICT 43,School Districts
SCHOOL DISTRICT 47 QATHET,School Districts
ECC,ECC
Education and Child Care,ECC
GBC - MINISTRY OF EDUCATION & CHILD CARE,ECC
BC Min Education & Child Care,ECC
MOE,ECC
TMOE,ECC
Ministry of Education,ECC
GBC,Gov BC
GoBC,Gov BC
GOBC,Gov BC
BC Government Ministries,Gov BC
BCA,Gov BC
GBC - MINISTRY OF CITIZENS SERVICES,Gov BC
MINISTRY OF CITIZENS SERVICES,Gov BC
GBC - MINISTRY OF HEALTH,Gov BC
MINISTRY OF INFRASTRUCTURE,Gov BC
BC MIN ATTORNEY GENERAL,Gov BC
MIN OF SOCIAL DEVELOPMENT,Gov BC
INDIGENOUS RELATIONS AND RECONCILIATION,Gov BC
GBC - OFFICE OF THE CHIEF INFORMATION OFFICER,Gov BC
GBC - SHARED SERVICES BC,Gov BC
BRITISH COLUMBIA LIQUOR DISTRIBUTION BRANCH,Gov BC
GBC - LIQUOR DISTRIBUTION BRANCH,Gov BC
