raw_name,sub_bge_alias
BC FINANCIAL SERVICE AUTH.,BC Financial Services Authority
BC Min Attorney General,Attorney General
BC MIN ATTORNEY GENERAL,Attorney General
BC MIN CITIZEN'S SERVICES,Citizens Services
BC MIN CITIZENS' SERVICES,Citizens Services
"His Majesty the King in the Right of the Prov of BC, as represented by the Minister of Citizens Ser",Citizens Services
MINISTRY OF CITIZENS SERVICES,Citizens Services
BC Min Emerg Mgmt & Climate Readiness,Emergency Management and Climate Readiness
BC Min Energy and Climate Solutions,Energy and Climate Solutions
BC Min Environment and Parks,Environment and Parks
BC Min Forests,Forests
BC Min Health,Health
BC MIN HOUSING AND MUNICIPAL AFFAIRS,Housing and Municipal Affairs
HOUSING AND MUNICIPAL AFFAIRS,Housing and Municipal Affairs
BC Min Indigenous Relations & Reconcil.,Indigenous Relations and Reconciliation
INDIGENOUS RELATIONS AND RECONCILIATION,Indigenous Relations and Reconciliation
BC Min Jobs and Economic Growth,Jobs Economic Development and Innovation
JOB ECONOMIC DEVELOPMENT AND INNOVATION,Jobs Economic Development and Innovation
MIN OF JOBS TOURISM & INNOVATION,Jobs Economic Development and Innovation
BC Min Labour,Labour
MIN OF LABOUR,Labour
BC Min Post-Secondary Ed & Future Skills,Post-Secondary Education and Future Skills
BC Min Social Dev & Poverty Reduction,Social Development and Poverty Reduction
MIN OF SOCIAL DEVELOPMENT,Social Development and Poverty Reduction
"BC Min Tourism, Arts, Culture, and Sport",Tourism Arts Culture and Sport
BC Min Transportation & Transit,Transportation and Transit
TRANSPORTATION AND TRANSIT,Transportation and Transit
LAND AND WATER BC INC,Land and Water BC
MINISTRY OF INFRASTRUCTURE,Infrastructure
MIN OF FINANCE BC,Finance
Office of the Premier,Office of the Premier
BC Public Service Agency,BC Public Service Agency
Public Service Agency,BC Public Service Agency
BC FAMILY MAINTENANCE AGENCY LTD.,BC Family Maintenance Agency
BC Min Education & Child Care,Education and Child Care
BC Hydro,BC Hydro
BC LOTTERY,BCLC
INSURANCE CORPORATION OF BRITISH COLUMB.,ICBC
FRASER HEALTH AUTHORITY,FHA
PROVIDENCE HEALTH CARE,Providence Health Care
PROVINCIAL HEALTH SERVICES AUTHORITY,PHSA
VANCOUVER ISLAND HEALTH AUTHORITY,VIHA
DISTRICT 71 COMOX VALLEY,School District 71
SCHOOL DISTRICT 33 CHILLIWACK,School District 33
SCHOOL DISTRICT #35 LANGLEY,School District 35
SCHOOL DISTRICT 38,School District 38
SCHOOL DISTRICT 40,School District 40
SCHOOL DISTRICT 42,School District 42
SCHOOL DISTRICT 43,School District 43
SCHOOL DISTRICT 51 BOUNDARY,School District 51
SCHOOL DISTRICT # 72 CAMPBELL RIVER,School District 72
SCHOOL DISTRICT 83 NORTH OKANAGAN-SHUSWA,School District 83
SCHOOL DISTRICT 93 CONSEIL SCOLAIRE FRAN,School District 93
SCHOOL DISTRICT NO.34 (ABBOTSFORD),School District 34
SCHOOL DISTRICT NO. 36 (SURREY),School District 36
SCHOOL DISTRICT NO.67 OKANAGAN SKAHA,School District 67
BC ASSESSMENT,BC Assessment
BC LIQUOR DISTRIBUTION BRANCH,BC LDB
POWERTECH,Powertech
POWEREX,Power Ex
